maria,20
maria,80
Aisha,140
maria ,30
g,20
Julie,60
l,10
hg,50
kqm,50
jl,30
m,60
maxim,250
yasir,50
l,70
lily,130
 ufghkh \,40
k,60
lol,20
aa,80
maryam\,40
loser',30
mrym,20
kenya,40
kenya,110
jk,70
ok,50
Aisha,110
sa6wa g,70
uj,90
a,90
m,120
l,20
k,40
sara,60
a,610
hind,620
hessa,780
sara,560
m,310
se,625
sha,85
m,305
m,145
shaima,545
meem,705
SA,255
ok,210
l,130
hh,180
maba,435
awaih,130
la,245
sho ha,205
aishaaaa,570
ayesha,640
AISHA,765
AishaAldhaheri,900
oo,270
maria,400
k,170
k,475
m,295
maria,210
Maria,175
Maria,155
Maria,245
ok,270
l,425
hajar,100
h,15
m,45
m,360
k,215
l,140
k,75
maria,120
ok,255
 hessa,0
 hessa,12
 hessa,16
 hessa,11
 hessa,2
 hessa,25
 hessa,6
 hessa,241
 hessa,11
 hessa,3045
 hessa,3082
 hessa,3063
 hessa,103
 hessa,87
 hessa,3213
 hessa,51
 hessa,3275
 hessa,3273
 hessa,150
 hessa,3325
 hessa,63
 hessa,171
 hessa,3200
 hessa,12
 vince,2
 vince,13
 hessa,31
 hessa,17
 sofija,5
 sofija,1
 sofija,8
 nadja,10
 hessa,19
 hessa,2
 hessa,3
 hesso,21
 hessa,3
 nn,9
 x,37
 h,19
 h,20
 hessa,20
 h,11
 hessa,3032
 h,6
 abdulla,3
 as,4
 a,17
 aa,4
 idont give a shit,4
 nj,4
 a,31
 q,21
 jh,8
 s,18
 ljk,7
 x,17
 cdddMKsmndkmd,15
 alw,8
 ;,33
 kdldk;fwldkfkHJWZKUEWIUIUishajgffou,19
  mkn,30
 f,9
 abdulla,3071
 hessa,9
hessa,2
 hessa,1
 hessa,12
 h,2
